{"cameraMode":{"drawMode":0,"name":"Shaded","section":"Shading Mode"},"sceneLighting":true,"audioPlay":false,"sceneViewState":{"m_AlwaysRefresh":true,"showFog":true,"showSkybox":true,"showFlares":true,"showImageEffects":true,"showParticleSystems":true,"showVisualEffectGraphs":true,"m_FxEnabled":true},"in2DMode":false,"pivot":{"x":-3.5761876106262209,"y":3.6878132820129396,"z":-1.3409013748168946},"rotation":{"x":-0.02742408588528633,"y":0.962584376335144,"z":-0.10518085211515427,"w":-0.24871844053268434},"size":7.058703899383545,"orthographic":false}